{"cameraMode":{"drawMode":0,"name":"Shaded","section":"Shading Mode"},"sceneLighting":true,"audioPlay":false,"sceneViewState":{"m_AlwaysRefresh":false,"showFog":true,"showSkybox":true,"showFlares":true,"showImageEffects":true,"showParticleSystems":true,"showVisualEffectGraphs":true,"m_FxEnabled":true},"in2DMode":false,"pivot":{"x":-7.1039533615112309,"y":-1.4782884120941163,"z":5.301115989685059},"rotation":{"x":0.10483880341053009,"y":-0.7176258563995361,"z":0.11106269061565399,"w":0.6796396374702454},"size":10.444014549255371,"orthographic":false}